VAR_NAME_OLD,VAR_NAME_NEW
ACCNTINGFEES,F9_09_EXP_FEE_SVC_ACC_TOT
ACCNTSPAYABLEEND,F9_10_LIAB_ACC_PAYABLE_EOY
ACCNTSRCVBLEND,F9_10_ASSET_ACC_NET_EOY
ACTONBEHALFCD,F9_04_TAX_EXEMPT_BOND_ISSUER_X
ADDRESS,F9_00_ORG_ADDR_L1
ADVRTPROMO,F9_09_EXP_AD_PROMO_TOT
ASS_BOY,F9_10_ASSET_TOT_BOY
ASS_EOY,F9_10_ASSET_TOT_EOY
AWAREXCESSBNFTCD,F9_04_TRANSAC_PY_X
BENIFITSMEMBRS,F9_09_EXP_BEN_PAID_MEMB_TOT
BOND_BOY,F9_10_LIAB_TAX_EXEMPT_BOND_BOY
BOND_EOY,F9_10_LIAB_TAX_EXEMPT_BOND_EOY
CAPITALSTKTRSTEND,F9_10_NAFB_CAP_STCK_EOY
CEASEOPERATIONSCD,F9_04_LTD_X
CITY,F9_00_ORG_ADDR_CITY
COMPENS,F9_09_EXP_COMP_DTK_TOT
COMPLTSCHOCD,F9_04_SCHED_O_REQ_X
COMPNSATNANDOTHR,F9_09_EXP_COMP_DSQ_PERS_TOT
COMPNSATNCURROFCR,F9_09_EXP_COMP_DTK_TOT
CONDUCT5PERCENTCD,F9_04_PTR_ACT_X
CONT,F9_08_REV_CONTR_TOT
CONT4,SA_03_PUB_GIFT_GRANT_CONTR_TOT
CONVERCONVENTMTNG,F9_09_EXP_CONF_MEETING_TOT
CRCOUNSELINGQSTNCD,F9_04_CREDIT_COUNS_X
CSTBASISECUR,F9_08_REV_OTH_SALE_LESS_COST_SEC
CSTBASISOTHR,F9_08_REV_OTH_SALE_LESS_COST_OTH
CURRFRMRCVBLEND,F9_10_ASSET_LOAN_OFF_EOY
DEFEREDREVNUEND,F9_10_LIAB_REV_DEFERRED_EOY
DEPRCATNDEPLETN,F9_09_EXP_DEPREC_TOT
DIRBUSNRELTDCD,F9_04_BIZ_TRANSAC_DTK_X
DIREXP,F9_08_REV_OTH_EVNT_DIRECT_EXP
DISTRIBTODONORCD,F9_05_DAF_DIST_DONOR_X
DNRADVISEDFUNDSCD,F9_04_DAF_X
DOCCD,F9_00_RETURN_TYPE
DUES,F9_08_REV_CONTR_MEMBSHIP_DUE
EIN,F9_00_ORG_EIN
ENGAGEEXCESSBNFTCD,F9_04_TRANSAC_ENGAGED_X
ESCRWACCNTLIABEND,F9_10_LIAB_ESCROW_ACC_EOY
EXCBUSHLDNGSCD,F9_05_DAF_EXCESS_BIZ_HOLDING_X
EXCEEDS1PCT509,SA_03_PUB_AMT_CONTR_SBST_TOT
EXCEEDS2PCT170,SA_02_PUB_CONTR_SBST_TOT
EXGRROOT,SC_02_EXP_GRASS_M_NONTAX_FILEORG
EXLOBEXP,SC_02_EXP_LOB_M_NONTAX_FILEORG
EXPRSTMNTCD,F9_05_NONDEDUCT_CONTR_NOTIFY_X
EXPS,F9_09_EXP_TOT_TOT
F1096CNT,F9_05_NUM_FORM_1096_BOX_3
F8282CNT,F9_05_170C_NUM_FORM_8282_FILED_X
FEESFORSRVCINVSTMGMT,F9_09_EXP_FEE_SVC_INVEST_TOT
FEESFORSRVCLOBBY,F9_09_EXP_FEE_SVC_LOB_TOT
FEESFORSRVCMGMT,F9_09_EXP_FEE_SVC_MGMT_TOT
FEESFORSRVCOTHR,F9_09_EXP_FEE_SVC_OTH_TOT
FILEDF1098CCD,F9_05_170C_FORM_1098C_FILED_X
FILEDF720CD,F9_05_TANNING_FORM_720_FILED_X
FILEDF8282CD,F9_05_170C_FORM_8282_REQ_X
FILEDF8886TCD,F9_05_PTST_FORM_8886T_FILED_X
FILEDF8899CD,F9_05_170C_FORM_8899_FILED_X
FILEDF990TCD,F9_05_UBIZ_FORM_990T_FILED_X
FILEDLIEUF1041CD,F9_05_4947_FORM_990_FILED_1041_X
FILERQRDRTNSCD,F9_05_EMPL_TAX_RETURN_FILED_X
FISYR,F9_00_TAX_YEAR
FMLYBUSNRELTDCD,F9_04_BIZ_TRANSAC_DTK_FAM_X
FNDSRCVDCD,F9_05_170C_FUNDS_FOR_PREMIUM_X
FRGNACCTCD,F9_05_FRGN_FIN_ACC_X
FRGNAGGRAGRNTSCD,F9_04_GRANT_MT_5K_FRGN_INDIV_X
FRGNGRNTSCD,F9_04_GRANT_MT_5K_FRGN_ORG_X
FRGNOFFICECD,F9_04_FRGN_OFFICE_X
FRGNREVEXPNSCD,F9_04_FRGN_ACT_X
FUNDBAL,F9_01_NAFB_TOT_EOY
FUNDFEES,F9_09_EXP_FEE_SVC_FUNDR_TOT
FUNDINC,F9_08_REV_OTH_EVNT_NET_TOT
FW2GCNT,F9_05_NUM_FORM_W2G
GEN,F9_00_GROUP_EXEMPT_NUM
GFTGRNTSRCVD170,SA_02_PUB_GIFT_GRANT_CONTR_TOT
GNLSECUR,F9_08_REV_OTH_SALE_GAIN_SEC
GNLSOTHR,F9_08_REV_OTH_SALE_GAIN_OTH
GOODS,F9_08_REV_OTH_INV_COST_GOODS
GRANTOOFFICERCD,F9_04_GRANT_RLTD_PERS_X
GRNSTTOINDIV,F9_09_EXP_GRANT_US_INDIV_TOT
GRNTSPAYABLEEND,F9_10_LIAB_GRANT_PAYABLE_EOY
GRNTSTOFRGNGOVT,F9_09_EXP_GRANT_FRGN_TOT
GRNTSTOGOVT,F9_09_EXP_GRANT_US_ORG_TOT
GRPROF,F9_08_REV_OTH_INV_NET_TOT
GRREC,F9_00_GRO_RCPT
GRREC4,SA_02_TOT_GRO_RCPT_RLTD_ACTS
GRRECMEM,F9_05_501C12_GRO_INCOME_MEMB
GRRECOTH,F9_05_501C12_GRO_INCOME_OTH
GRRECPUB,F9_05_501C7_GRO_RCPT_PUB_USE
GRROOT,SC_02_EXP_GRASS_LOB_FILEORG
GRSALESECUR,F9_08_REV_OTH_SALE_ASSET_SEC
GRSALESINVENT,F9_08_REV_OTH_INV_GRO_SALE
GRSALESOTHR,F9_08_REV_OTH_SALE_ASSET_OTH
GRSINC170,SA_02_TOT_INCOME_GRO_TOT
GRSINC509,SA_03_TOT_INCOME_GRO_TOT
GRSINCFNDRSNG,F9_08_REV_OTH_FUNDR_EVNT_1
GRSINCGAMING,F9_08_REV_OTH_GAMING
GRSINCMEMBERS,F9_05_501C12_GRO_INCOME_MEMB
GRSINCOTHER,F9_05_501C12_GRO_INCOME_OTH
GRSRCPTSACTIVITIES509,SA_03_PUB_GRO_RCPT_NONUBIZ_TOT
GRSRCPTSADMISSN509,SA_03_PUB_GRO_RCPT_ADM_TOT
GRSRCPTSPUBLICUSE,F9_05_501C7_GRO_RCPT_PUB_USE
GRSRCPTSRELATED170,SA_02_TOT_GRO_RCPT_RLTD_ACTS
GRSRNTSPRSNL,F9_08_REV_OTH_RENT_GRO_PERS
GRSRNTSREAL,F9_08_REV_OTH_RENT_GRO_REAL
GRTNONTX,SC_02_EXP_GRASS_NONTAX_FILEORG
HLDASSETSINTERMPERMCD,F9_04_ENDOW_X
HOSPAUDFINSTMTCD,F9_04_HOSPITAL_AFS_X
INCLINFINSTMTCD,F9_04_AFS_CONSOL_X
INFLEXP,SC_02_EXP_DIRECT_LOB_FILEORG
INFOTECH,F9_09_EXP_INFO_TECH_TOT
INITFEES,F9_05_501C7_INITIATION_FEES
INITIATIONFEES,F9_05_501C7_INITIATION_FEES
INSURANCE,F9_09_EXP_INSURANCE_TOT
INTANGIBLEASSETSEND,F9_10_ASSET_INTANGIBLE_EOY
INTERESTAMT,F9_09_EXP_INT_TOT
INTINCNTRLCD,F9_04_ENTITY_CTRL_X
INVENTG,F9_08_REV_OTH_INV_GRO_SALE
INVINC,F9_08_REV_OTH_INVEST_INCOME_TOT
INVNTRIESALESEND,F9_10_ASSET_INV_SALE_EOY
INVSTMNTINC,F9_08_REV_OTH_INVEST_INCOME_TOT
INVSTMNTSEND,F9_10_ASSET_INVEST_SEC_EOY
INVSTMNTSOTHREND,F9_10_ASSET_INVEST_SEC_OTH_EOY
INVSTMNTSPRGMEND,F9_10_ASSET_INVEST_PROG_RLTD_EOY
INVSTPROCEEDSCD,F9_04_TAX_EXEMPT_BOND_INVEST_X
LBBYINGACTVTSCD,F9_04_LOB_ACT_X
LEGALFEES,F9_09_EXP_FEE_SVC_LEGAL_TOT
LESSCSTOFGOODS,F9_08_REV_OTH_INV_COST_GOODS
LESSDIRFNDRSNG,F9_08_REV_OTH_FUNDR_DIRECT_EXP
LESSDIRGAMING,F9_08_REV_OTH_GAMING_DIRECT_EXP
LIAB_BOY,F9_10_LIAB_TOT_BOY
LIAB_EOY,F9_10_LIAB_TOT_EOY
LNDBLDGSEQUIPEND,F9_10_ASSET_LAND_BLDG_NET_EOY
LOANTOFFICERCD,F9_04_LOAN_DTK_X
LOBNOTAX,SC_02_EXP_LOB_NONTAX_FILEORG
LOBOTH,SC_02_EXP_OTH_EXEMPT_FILEORG
MAINTESCRWACCNTCD,F9_04_TAX_EXEMPT_BOND_ESCROW_X
MAINTWRKOFARTCD,F9_04_COLLEC_ART_X
MRTG_BOY,F9_10_LIAB_MTG_NOTE_BOY
MRTG_EOY,F9_10_LIAB_MTG_NOTE_EOY
NAME,F9_00_ORG_NAME_L1
NETA_BOY,F9_10_NAFB_TOT_BOY
NETINC,F9_01_EXP_REV_LESS_EXP_CY
NETINCFNDRSNG,F9_08_REV_OTH_FUNDR_NET_TOT
NETINCGAMING,F9_08_REV_OTH_GAMING_NET_TOT
NETINCSALES,F9_08_REV_OTH_INV_NET_TOT
NETINCUNRELATD509,SA_03_TOT_INCOME_NET_UBIZ_TOT
NETINCUNRELTD170,SA_02_TOT_INCOME_NET_UBIZ_TOT
NETRENT,F9_08_REV_OTH_RENT_NET_TOT
NETRNTLINC,F9_08_REV_OTH_RENT_NET_TOT
NOCONTRACTOR100KCNT,F9_07_COMP_KONTR_NUM_GT_100K
NOEMPLYEESW3CNT,F9_05_NUM_EMPL
NOINDIV100KCNT,F9_07_COMP_DTK_NUM_GT_100K
NONINTCASHEND,F9_10_ASSET_CASH_EOY
NOTESLOANSRCVBLEND,F9_10_ASSET_NOTE_LOAN_NET_EOY
NOTFYDNRVALCD,F9_05_170C_QUID_PRO_QUO_NOTIFY_X
NTEECC,NTEE_IRS
OCCUPANCY,F9_09_EXP_OCCUPANCY_TOT
OFFICEXPNS,F9_09_EXP_OFFICE_TOT
OPERATEHOSPTLCD,F9_04_HOSPITAL_X
OPERATESCHOOLS170CD,F9_04_SCHOOL_X
ORGTRNSFRCD,F9_04_TRANSFER_EXEMPT_ORG_X
OTHCHGS,F9_11_RECO_OTH_CHANGE_NAFB
OTHINC,F9_08_REV_MISC_TOT_TOT
OTHINC4,SA_03_TOT_SUPPORT_TOT
OTHRASSETSEND,F9_10_ASSET_OTH_EOY
OTHREMPLYEEBENEF,F9_09_EXP_OTH_EMPL_BEN_TOT
OTHRINC170,SA_02_TOT_INCOME_OTH_TOT
OTHRINC509,SA_03_TOT_INCOME_OTH_TOT
OTHRLIABEND,F9_10_LIAB_OTH_EOY
OTHRSALWAGES,F9_09_EXP_OTH_SAL_WAGE_TOT
OTHSAL,F9_09_EXP_OTH_SAL_WAGE_TOT
OWNSEPENTCD,F9_04_ENTITY_DISREG_X
PAIDINSURPLUSEND,F9_10_NAFB_CAP_SURPLUS_EOY
PAYBLETOFFCRSEND,F9_10_LIAB_LOAN_OFF_EOY
PAYROLLTX,F9_09_EXP_PAYROLL_TAX_TOT
PAYTAX,F9_09_EXP_PAYROLL_TAX_TOT
PENSIONPLANCONTRB,F9_09_EXP_PENSION_CONTR_TOT
PERMRSTRCTNETASSTSEND,F9_10_NAFB_RESTRICT_PERM_EOY
PLDGEGRNTRCVBLEND,F9_10_ASSET_PLEDGE_NET_EOY
POLITICALACTVTSCD,F9_04_POLI_ACT_X
POLPURP,F9_06_POLI_EXP
PREMIUMSPAIDCD,F9_05_170C_PREMIUM_PAID_X
PREPAIDEXPNSEND,F9_10_ASSET_EXP_PREPAID_EOY
PROFNDRAISING,F9_09_EXP_FEE_SVC_FUNDR_TOT
PROGREV,F9_08_REV_PROG_TOT_TOT
PROHIBTDTXSHLTRCD,F9_05_PTST_X
PROVIDEGOODSCD,F9_05_170C_QUID_PRO_QUO_CONTR_X
PRPTYINTRCVDCD,F9_04_CONSERV_EMT_X
PRTYNOTIFYORGCD,F9_05_PTST_PARTY_NOTIFY_X
PUBSUPPLESSPCT170,SA_02_PUB_SUPPORT_TOT
PUBSUPPLESUB509,SA_03_PUB_SUPPORT_TOT
PUBSUPPSUBTOT170,SA_02_PUB_TOT_L123_TOT
PUBSUPPSUBTOT509,SA_03_PUB_TOT_L1_5_TOT
PYMTOAFFILIATES,F9_09_EXP_PAY_AFFIL_TOT
Q78A,F9_05_UBIZ_IMCOME_OVER_LIMIT_X
QUALHLTHONHND,F9_05_501C29_RESERVE_MAINT_AMT
QUALHLTHPLNCD,F9_05_501C29_LIC_HEALTH_PLAN_X
QUALHLTHREQMNTN,F9_05_501C29_STATE_RESERVE_AMT
RCVBLDISQUALEND,F9_10_ASSET_LOAN_DSQ_PERS_EOY
RCVDFRMDISQUALSUB509,SA_03_PUB_AMT_PERS_DSQ_TOT
RCVDPDTNGCD,F9_05_TANNING_SVC_PROV_X
RECVARTCD,F9_04_CONTR_ART_HIST_X
RECVNONCASHCD,F9_04_CONTR_NONCSH_MT_25K_X
RELTDORGCD,F9_04_ENTITY_RLTD_X
RETAINEDEARNBOY,F9_10_NAFB_EARNING_RETAINED_BOY
RETAINEDEARNEND,F9_10_NAFB_EARNING_RETAINED_EOY
RETE_BOY,F9_10_NAFB_EARNING_RETAINED_BOY
RETEARN,F9_10_NAFB_EARNING_RETAINED_EOY
RNTLEXPNSPRSNL,F9_08_REV_OTH_RENT_LESS_EXP_PERS
RNTLEXPNSREAL,F9_08_REV_OTH_RENT_LESS_EXP_REAL
RNTLINCPRSNL,F9_08_REV_OTH_RENT_INCOME_PERS
RNTLINCREAL,F9_08_REV_OTH_RENT_INCOME_REAL
ROYALTSEXPNS,F9_09_EXP_ROY_TOT
ROYALTSINC,F9_08_REV_OTH_ROY_TOT
RPTGRNTSTOGOVTCD,F9_04_GRANT_MT_5K_US_ORG_X
RPTGRNTSTOINDVCD,F9_04_GRANT_MT_5K_US_INDIV_X
RPTINCFNNDRSNGCD,F9_04_FUNDR_ACT_X
RPTINCGAMINGCD,F9_04_GAMING_X
RPTINVSTOTHSECD,F9_04_REP_INVEST_OTH_SEC_X
RPTINVSTPRGRELCD,F9_04_REP_PROG_RLTD_X
RPTLNDBLDGEQPTCD,F9_04_REP_LAND_BLDG_EQUIP_X
RPTOTHASSTCD,F9_04_REP_OTH_ASSET_X
RPTOTHLIABCD,F9_04_REP_OTH_LIAB_X
RPTPROFNDRSNGFEESCD,F9_04_PROF_FUNDR_X
RPTYESTOCOMPNSTNCD,F9_04_COMP_DTK_YES_X
S4966DISTRIBCD,F9_05_DAF_TAXABLE_DIST_X
S501C3OR4947A1CD,F9_04_DESC_IN_501C3_X
SALEOTHE,F9_08_REV_OTH_SALE_LESS_COST_OTH
SALEOTHG,F9_08_REV_OTH_SALE_ASSET_OTH
SALEOTHN,F9_08_REV_OTH_SALE_GAIN_OTH
SALESECN,F9_08_REV_OTH_SALE_GAIN_SEC
SALESEXP,F9_08_REV_OTH_SALE_LESS_COST_SEC
SAMEPUBSUPPSUBTOT170,SA_02_TOT_AMT_L4_CY_TOT
SAMEPUBSUPPSUBTOT509,SA_03_TOT_AMT_L6_TOT
SCHDBIND,F9_04_SCHED_B_REQ_X
SEC_NAME,F9_00_ORG_NAME_DBA_L1
SECRDMRTGSBOY,F9_10_LIAB_MTG_NOTE_BOY
SECRDMRTGSEND,F9_10_LIAB_MTG_NOTE_EOY
SECUR,F9_08_REV_OTH_SALE_ASSET_SEC
SELLOREXCHCD,F9_04_DOA_X
SEPCNSLDTFINSTMTCD,F9_04_REP_FOOTNOTE_FIN48_X
SEPINDAUDFINSTMTCD,F9_04_AFS_IND_X
SERVASOFFICERCD,F9_04_BIZ_TRANSAC_DTK_ENTITY_X
SOLICIT,F9_01_EXP_FUNDR_TOT_CY
SOLICITCNTRBCD,F9_05_NONDEDUCT_CONTR_X
SRVCSVAL170,SA_02_PUB_VALUE_SVC_GOVT_TOT
SRVCSVAL509,SA_03_PUB_VALUE_SVC_GOVT_TOT
STATE,F9_00_ORG_ADDR_STATE
STYEAR,F9_00_TAX_PERIOD_BEGIN_DATE
SUBJTO6033CD,F9_04_PROXY_TAX_X
SUBTOTPUB509,SA_03_PUB_ADD_L7AB_TOT
SUBTOTSUPPINC509,SA_03_TOT_ADD_L10AB_TOT
SVNGSTEMPINVEND,F9_10_ASSET_SAVING_EOY
TAXPER,F9_00_TAX_PERIOD_END_DATE
TEMPRSTRCTNETASSTSEND,F9_10_NAFB_RESTRICT_TEMP_EOY
TOTASSETSBOY,F9_10_ASSET_TOT_BOY
TOTASSETSEND,F9_10_ASSET_TOT_EOY
TOTCNTRBGFTS,F9_08_REV_CONTR_TOT
TOTCOMPRELATEDE,F9_07_COMP_DTK_COMP_RLTD
TOTESTCOMPF,F9_07_COMP_DTK_COMP_OTH
TOTFUNCEXPNS,F9_09_EXP_TOT_TOT
TOTGFTGRNTRCVD509,SA_03_PUB_GIFT_GRANT_CONTR_TOT
TOTLIABBOY,F9_10_LIAB_TOT_BOY
TOTLIABEND,F9_10_LIAB_TOT_EOY
TOTLOB,SC_02_EXP_TOT_LOB_FILEORG
TOTNETASSETBOY,F9_10_NAFB_TOT_BOY
TOTNETASSETEND,F9_10_NAFB_TOT_EOY
TOTNETLIABASTEND,F9_10_NAFB_TOT_LIAB_NAFB_EOY
TOTNOOFORGSCNT,SA_01_PCSTAT_SUPPORT_ORG_NUM
TOTPRGMREVNUE,F9_08_REV_PROG_TOT_TOT
TOTREPRTABLED,F9_07_COMP_DTK_COMP_ORG
TOTREV2,F9_08_REV_TOT_TOT
TOTREV2FCOLA,F9_08_REV_PROG_OTH_TOT
TOTREVENUE,F9_08_REV_TOT_TOT
TOTSUPP170,SA_02_TOT_SUPPORT_TOT
TOTSUPP509,SA_03_TOT_SUPPORT_TOT
TOTSUPPORT,SA_01_PCSTAT_ORG_AMT_SUPPORT_TOT
TRAVEL,F9_09_EXP_TRAVEL_TOT
TRAVELOFPUBLICOFFCL,F9_09_EXP_TRAVEL_ENTMT_TOT
TXEXMPTBNDCD,F9_04_TAX_EXEMPT_BOND_X
TXEXMPTBNDSBOY,F9_10_LIAB_TAX_EXEMPT_BOND_BOY
TXEXMPTBNDSEND,F9_10_LIAB_TAX_EXEMPT_BOND_EOY
TXEXMPTBNDSPROCEEDS,F9_08_REV_OTH_INVEST_BOND_TOT
TXEXMPTINT,F9_05_4947_TAX_EXEMPT_INT_AMT
TXREVNUELEVIED170,SA_02_PUB_TAXREV_LEVIED_TOT
TXREVNUELEVIED509,SA_03_PUB_TAXREV_LEVIED_TOT
UNRELBUSINCCD,F9_05_UBIZ_IMCOME_OVER_LIMIT_X
UNRELTXINCLS511TX509,SA_03_TOT_INCOME_UBIZ_TOT
UNRSTRCTNETASSTSEND,F9_10_NAFB_UNRESTRICT_EOY
UNSECUREDNOTESEND,F9_10_LIAB_NOTE_UNSEC_EOY
WTHLDNGRULESCD,F9_05_COMPLY_BACKUP_WITHHOLD_X
ZIP,F9_00_ORG_ADDR_ZIP
ZIP5,GEO_ZIP5
A3LOBBY,F9_04_LOB_ACT_X
A4A_BUST,SA_03_PUB_GRO_RCPT_NONUBIZ_TOT
A4A_CNT,NOT IN CONCORDANCE
A4A_GVTT,NOT IN CONCORDANCE
A4A_IVST,NOT IN CONCORDANCE
A4A_MEMT,F9_08_REV_CONTR_MEMBSHIP_DUE
A4A_OTHT,SA_02_TOT_INCOME_OTH_TOT
A4A_TAXT,NOT IN CONCORDANCE
A4A_TOTT,SA_02_TOT_SUPPORT_TOT
A6DLBYB,SC_02_EXP_DIRECT_LOB_FILEORG
A6GLBYB,SC_02_AVE_EXP_GRASS_LOB_TOT
A6NGLBB,SC_02_AVE_EXP_GRASS_NONTAX_CY
A6NLBEB,SC_02_EXP_LOB_M_NONTAX_AFFGROUP
A6NTLBB,SC_02_EXP_LOB_NONTAX_FILEORG
A6OEXPB,SC_02_EXP_OTH_EXEMPT_FILEORG
A6TGLBB,SC_02_EXP_GRASS_M_NONTAX_FILEORG
ACCPER,NOT IN CONCORDANCE
ACCPERMO,NOT IN DD
ACTIV,NOT IN DD
ACTIV1,F9_03_PROG_CODE
ACTIV2,F9_03_PROG_CODE
ACTIV3,F9_03_PROG_CODE
ACTIVCD1,F9_03_PROG_CODE
ACTIVCD2,F9_03_PROG_CODE
ACTIVCD3,F9_03_PROG_CODE
ADMINEXPCODE,NOT IN CONCORDANCE
ADMINEXPESTIMATE,F9_09_EXP_FEE_SVC_MGMT_MGMT
ADMINEXPYR,NOT IN CONCORDANCE
ADMISSN,NOT IN DD
ADVRULDT,NOT IN DD
AFCD,NOT IN CONCORDANCE
AFFILCD,NOT IN DD
ARC,NOT IN DD
ARED,NOT IN CONCORDANCE
ASCD,NOT IN CONCORDANCE
ASS_CODE,NOT IN DD
ASS_EOYX,NOT IN DD
ASSETCD,NOT IN DD
ASSETS,NOT IN DD
ASSINDCODE,NOT IN DD
ASSINDESTIMATE,F9_09_EXP_GRANT_US_INDIV_TOT
ASSINDYR,NOT IN DD
ASSTSALE,NOT IN DD
AUSPICE,NOT IN DD
BASALES,NOT IN DD
BENMEMCODE,NOT IN DD
BENMEMESTIMATE,F9_01_EXP_BEN_PAID_MEMB_CY
BENMEMYR,NOT IN DD
BLOCK,NOT IN DD
BOND_BOY_OLD,NOT IN DD
BOND_EOYX,NOT IN DD
BONDBEG,NOT IN DD
BONDEND,NOT IN DD
CASHCODE,NOT IN CONCORDANCE
CASHESTIMATE,F9_10_ASSET_CASH_EOY
CASHYR,NOT IN CONCORDANCE
CATEGORY,NOT IN DD
CBSA,NOT IN DD
CENSUSTRACT,NOT IN DD
CGR2NET,NOT IN DD
CITYOLD1,NOT IN DD
CLASSCD,NOT IN CONCORDANCE
CMSA,NOT IN DD
CNAB,NOT IN DD
CNAM,NOT IN DD
CNAO,NOT IN DD
CODE990,NOT IN DD
COMMCODE,NOT IN DD
COMMESTIMATE,NOT IN CONCORDANCE
COMMYR,NOT IN DD
COMPENSP,NOT IN DD
COMPOTHCODE,NOT IN DD
COMPOTHESTIMATE,SJ_02_COMP_DTK_OTH_ORG
COMPOTHYR,NOT IN DD
CONFIDEN,NOT IN DD
CONFIDENCE,NOT IN DD
CONFIDENCE2005B,NOT IN DD
CONFIDENCE2007A,NOT IN DD
CONFIDENCEDRAFT,NOT IN DD
CONTACT,NOT IN CONCORDANCE
CONTP,NOT IN DD
CRERATIO,NOT IN DD
CRINC_F,NOT IN DD
CTOTREVB,NOT IN DD
CTOTREVM,NOT IN DD
CYCLE,NOT IN DD
DEDCTCD,NOT IN DD
DEDUCTCD,NOT IN CONCORDANCE
DEPRECCODE,NOT IN DD
DEPRECESTIMATE,F9_09_EXP_DEPREC_TOT
DEPRECYR,NOT IN DD
DIRSUPCODE,NOT IN CONCORDANCE
DIRSUPESTIMATE,SA_02_PUB_SUPPORT_TOT
DIRSUPYR,NOT IN CONCORDANCE
DISTRICT,NOT IN CONCORDANCE
DIV_AMT,NOT IN DD
DIVCODE,NOT IN DD
DIVIDEND,NOT IN DD
DLN,NOT IN CONCORDANCE
DOCCDP,NOT IN DD
DOCLOCNO,NOT IN DD
DUES4,SA_02_PUB_GIFT_GRANT_CONTR_CY
DUESFLG,NOT IN DD
DUESP,NOT IN DD
EARNAMT,NOT IN DD
EFILE,NOT IN DD
EMPBENCODE,NOT IN DD
EMPBENESTIMATE,F9_09_EXP_OTH_EMPL_BEN_TOT
EMPBENYR,NOT IN DD
EMPLOYCODE,NOT IN DD
EMPLOYESTIMATE,NOT IN DD
EMPLOYYR,NOT IN DD
ENDDATE,NOT IN DD
EOSTATUS,NOT IN CONCORDANCE
EOY,NOT IN DD
EPOSTCARD,NOT IN DD
ESTP1TOTREV,NOT IN DD
ESTTAXPER,NOT IN DD
EXPSP,NOT IN DD
F990REV,NOT IN DD
FILENAME,NOT IN DD
FILER,NOT IN CONCORDANCE
FILREQCD,NOT IN DD
FINCHECKV,NOT IN DD
FIPS,NOT IN CONCORDANCE
FIPSOLD,NOT IN DD
FIPSOLDA,NOT IN DD
FIPSTATE,NOT IN DD
FISYRP,NOT IN DD
FISYRX,NOT IN DD
FNDCD,NOT IN DD
FNDNCD,F9_00_EXEMPT_STAT_501C3_X
FRCD,NOT IN CONCORDANCE
FUNDB_F,NOT IN DD
FUNDB_O,NOT IN DD
FUNDBALX,NOT IN DD
FUNDFEESP,NOT IN DD
FUNDINCP,NOT IN DD
FUNDRAIS,NOT IN DD
FY_97,NOT IN DD
GAINSALE,NOT IN DD
GEOCD,NOT IN DD
GEOCDF,NOT IN DD
GEOEXCLUDE,NOT IN DD
GIFTRECD,NOT IN DD
GOVGTCODE,NOT IN CONCORDANCE
GOVGTESTIMATE,F9_08_REV_CONTR_GOVT_GRANT
GOVGTYR,NOT IN CONCORDANCE
GRANTCODE,NOT IN DD
GRANTESTIMATE,F9_09_EXP_GRANT_US_ORG_TOT
GRANTYR,NOT IN DD
GRINC,NOT IN DD
GRINC_F,NOT IN DD
GRINC_O,NOT IN DD
GROSSINC,NOT IN CONCORDANCE
GROSSREC,F9_00_GRO_RCPT
GRPROFP,NOT IN DD
GRREC_F,NOT IN DD
GRREC_O,NOT IN DD
GSOTHER,NOT IN DD
GSSAMT,NOT IN DD
GVTSRV4,SA_02_PUB_VALUE_SVC_GOVT_TOT
IERATIO,NOT IN DD
INC_CODE,NOT IN DD
INCCD,NOT IN CONCORDANCE
INCOME,NOT IN DD
INCOMECD,NOT IN DD
INCPURP4,NOT IN CONCORDANCE
INDSUPCODE,NOT IN CONCORDANCE
INDSUPESTIMATE,NOT IN CONCORDANCE
INDSUPYR,NOT IN CONCORDANCE
INPRIOR,NOT IN DD
INPRIORSRC,NOT IN DD
INTERCODE,NOT IN DD
INTERESTIMATE,F9_09_EXP_INT_TOT
INTERYR,NOT IN DD
INVINC4,SA_03_TOT_INCOME_GRO_TOT
INVINCP,NOT IN DD
INVOTHCODE,NOT IN CONCORDANCE
INVOTHESTIMATE,F9_10_ASSET_INVEST_SEC_OTH_EOY
INVOTHYR,NOT IN CONCORDANCE
INVSECCODE,NOT IN CONCORDANCE
INVSECESTIMATE,F9_10_ASSET_INVEST_SEC_EOY
INVSECYR,NOT IN CONCORDANCE
KEYID,NOT IN DD
LAT,NOT IN DD
LATITUDE,NOT IN CONCORDANCE
LBEBOYCODE,NOT IN CONCORDANCE
LBEBOYESTIMATE,F9_10_ASSET_LAND_BLDG_NET_BOY
LBEBOYYR,NOT IN CONCORDANCE
LEGEXP,SC_02_LOB_ACT_CONTACT_LEGIS_AMT
LEVEL1,NOT IN CONCORDANCE
LEVEL1OLD20090616,NOT IN DD
LEVEL2,SR_02_RLTD_ORG_PCSTAT
LEVEL2OLD20090616,NOT IN DD
LEVEL3,NOT IN CONCORDANCE
LEVEL3OLD20090616,NOT IN DD
LEVEL4,NOT IN CONCORDANCE
LEVEL4OLD20090616,NOT IN DD
LEVEL5,NOT IN CONCORDANCE
LIAB_EOYX,NOT IN DD
LIB97,NOT IN DD
LIBEOY97,NOT IN DD
LON,NOT IN DD
LONGITUDE,NOT IN CONCORDANCE
LRC,NOT IN DD
MAILCITY,NOT IN DD
MAILNAME,NOT IN DD
MAILSTREET,NOT IN DD
MAJGRPB,NOT IN CONCORDANCE
MANUAL,NOT IN DD
MANUALLY_FIXED,NOT IN DD
MEMBFEE,NOT IN DD
MISCINC,NOT IN DD
MISCREV11ACD,F9_08_REV_MISC_BIZCODE_A
MISCREV11BCD,F9_08_REV_MISC_BIZCODE_B
MISCREV11CCD,F9_08_REV_MISC_BIZCODE_C
MISCREVTOT11B,F9_08_REV_MISC_OTH_RLTD
MISCREVTOT11C,F9_08_REV_MISC_OTH_UBIZ
MISCREVTOT11D,F9_08_REV_MISC_OTH_EXCL
MISCREVTOT11E,F9_08_REV_MISC_TOT_TOT
MISCREVTOTA,F9_08_REV_MISC_OTH_TOT
MRTG_BOY_OLD,NOT IN DD
MRTG_EOYX,NOT IN DD
MRTGBEG,NOT IN DD
MRTGEND,NOT IN DD
MSA,NOT IN CONCORDANCE
MSA_NECH,NOT IN CONCORDANCE
NAICS,NOT IN CONCORDANCE
NCCSKEY,NOT IN CONCORDANCE
NCCSKEY2,NOT IN CONCORDANCE
NEGINC,NOT IN DD
NETGNLS,F9_08_REV_OTH_SALE_GAIN_NET_TOT
NETINCP,NOT IN DD
NETLANDCODE,NOT IN CONCORDANCE
NETLANDESTIMATE,F9_10_ASSET_LAND_BLDG_NET_EOY
NETLANDYR,NOT IN CONCORDANCE
NETRENTP,NOT IN DD
NETWOR,NOT IN DD
NINVLNDCODE,NOT IN CONCORDANCE
NINVLNDESTIMATE,F9_10_ASSET_LAND_BLDG
NINVLNDYR,NOT IN CONCORDANCE
NONPFREA,SA_01_PCSTAT_SUPPORT_ORG_X
NTEE,NOT IN DD
NTEE_CAT,NOT IN DD
NTEE1,NOT IN CONCORDANCE
NTEE2,NOT IN DD
NTEE2005B,NOT IN DD
NTEE2006,NOT IN DD
NTEE2006A,NOT IN CONCORDANCE
NTEE2007A,NOT IN CONCORDANCE
NTEE4,NOT IN CONCORDANCE
NTEE42005B,NOT IN DD
NTEE42007A,NOT IN DD
NTEE4C2006,NOT IN DD
NTEE4CD,NOT IN DD
NTEECC3D,NOT IN DD
NTEECC4D,NOT IN CONCORDANCE
NTEECODE,NOT IN CONCORDANCE
NTEECONF,NOT IN CONCORDANCE
NTEECONF2006,NOT IN DD
NTEEDEC,NOT IN CONCORDANCE
NTEEDRAF,NOT IN DD
NTEEDRAFT,NOT IN CONCORDANCE
NTEEFINAL,NOT IN DD
NTEEFINAL1,NOT IN DD
NTEEIRS,NOT IN CONCORDANCE
NTEEMID,NOT IN CONCORDANCE
NTEEOLD,NOT IN DD
NTEEOLDA,NOT IN DD
NTEEOLDB,NOT IN DD
NTEESRC,NOT IN DD
NTMAJ10,NOT IN CONCORDANCE
NTMAJ12,NOT IN CONCORDANCE
NTMAJ5,NOT IN CONCORDANCE
NUMEMPCODE,NOT IN CONCORDANCE
NUMEMPESTIMATE,F9_05_NUM_EMPL
NUMEMPYR,NOT IN CONCORDANCE
OCCUCODE,NOT IN DD
OCCUESTIMATE,F9_09_EXP_OCCUPANCY_TOT
OCCUYR,NOT IN DD
OLDNTEE,NOT IN DD
ORGCD,NOT IN CONCORDANCE
OTHASSTCODE,NOT IN CONCORDANCE
OTHASSTESTIMATE,F9_10_ASSET_OTH_EOY
OTHASSTYR,NOT IN CONCORDANCE
OTHEXPCODE,NOT IN DD
OTHEXPESTIMATE,F9_01_EXP_OTH_CY
OTHEXPS,NOT IN DD
OTHEXPYR,NOT IN DD
OTHINCP,NOT IN DD
OTHINVST,F9_10_ASSET_INVEST_SEC_OTH_EOY
OTHREXPNSA,F9_09_EXP_OTH_TOT_A
OTHREXPNSB,F9_09_EXP_OTH_TOT_B
OTHREXPNSC,F9_09_EXP_OTH_TOT_C
OTHREXPNSD,F9_09_EXP_OTH_TOT_D
OTHREXPNSE,F9_09_EXP_OTH_TOT_E
OTHREXPNSF,F9_09_EXP_OTH_TOT_F
OTHSALP,NOT IN DD
OUTNCCS,NOT IN CONCORDANCE
OUTNCCSOLD20090616,NOT IN DD
OUTREAS,NOT IN CONCORDANCE
OUTREASOLD20090616,NOT IN DD
P1CHGAS,F9_11_RECO_OTH_CHANGE_NAFB
P1DUES,F9_08_REV_CONTR_MEMBSHIP_DUE
P1FREXP,F9_09_EXP_TOT_FUNDR
P1INVNTC,F9_08_REV_OTH_INV_COST_GOODS
P1INVNTG,F9_08_REV_OTH_INV_GRO_SALE
P1INVNTN,F9_08_REV_OTH_INV_NET_TOT
P1INVST,F9_01_REV_INVEST_TOT_CY
P1NASEOY,F9_01_NAFB_TOT_EOY
P1NETINC,F9_01_EXP_REV_LESS_EXP_CY
P1OTHC,F9_08_REV_OTH_SALE_LESS_COST
P1OTHG,F9_08_REV_OTH_SALE_ASSET
P1OTHN,F9_08_REV_OTH_SALE_GAIN_NET_TOT
P1OTHREV,F9_01_REV_OTH_CY
P1PSREV,F9_01_REV_PROG_TOT_CY
P1RENTE,NOT IN CONCORDANCE
P1RENTN,NOT IN CONCORDANCE
P1SALES,F9_08_REV_OTH_SALE_LESS_COST
P1SECURC,F9_08_REV_OTH_SALE_LESS_COST_SEC
P1SECURG,F9_08_REV_OTH_SALE_ASSET_SEC
P1SECURN,F9_08_REV_OTH_SALE_GAIN_SEC
P1SPEVC,F9_08_REV_OTH_GAMING
P1SPEVE,F9_08_REV_OTH_EVNT_DIRECT_EXP
P1SPEVN,F9_08_REV_OTH_EVNT_NET_TOT
P1TCONT,F9_08_REV_CONTR_TOT
P1TOTEXP,F9_01_EXP_TOT_CY
P1TOTREV,F9_01_REV_TOT_CY
P2TASFMV,NOT IN DD
P2TCOMP,F9_09_EXP_COMP_DTK_TOT
P2TFRFEE,F9_09_EXP_FEE_SVC_FUNDR_TOT
P2TPYTAX,F9_09_EXP_PAYROLL_TAX_TOT
P2TWAGES,F9_09_EXP_OTH_SAL_WAGE_TOT
P4B_ASST,F9_10_ASSET_TOT_BOY
P4B_BOND,F9_10_LIAB_TAX_EXEMPT_BOND_BOY
P4B_LIAB,F9_10_LIAB_TOT_BOY
P4B_MORT,F9_10_LIAB_MTG_NOTE_BOY
P4B_NET,F9_10_NAFB_TOT_BOY
P4E_ASST,F9_10_ASSET_TOT_EOY
P4E_BOND,F9_10_LIAB_TAX_EXEMPT_BOND_EOY
P4E_LIAB,F9_10_LIAB_TOT_EOY
P4E_MORT,F9_10_LIAB_MTG_NOTE_EOY
P4E_RET1,NOT IN DD
P4E_RETN,F9_10_NAFB_EARNING_RETAINED_EOY
P6INIFEE,F9_05_501C7_INITIATION_FEES
P6MEMINC,F9_05_501C12_GRO_INCOME_MEMB
P6OTHINC,F9_05_501C12_GRO_INCOME_OTH
P6POLEXP,F9_06_POLI_EXP
P6PUBINC,F9_05_501C7_GRO_RCPT_PUB_USE
P6UNRELB,F9_05_UBIZ_IMCOME_OVER_LIMIT_X
P7DIVRIN,NOT IN CONCORDANCE
P7ESTRIN,NOT IN CONCORDANCE
P7INTXAT,NOT IN CONCORDANCE
P7INVRIN,NOT IN CONCORDANCE
PAYAFFLCODE,NOT IN CONCORDANCE
PAYAFFLESTIMATE,F9_09_EXP_PAY_AFFIL_TOT
PAYAFFLYR,NOT IN CONCORDANCE
PAYTAXP,NOT IN DD
PENSIONCODE,NOT IN DD
PENSIONESTIMATE,F9_09_EXP_PENSION_CONTR_TOT
PENSIONYR,NOT IN DD
PERMRNACODE,NOT IN CONCORDANCE
PERMRNAESTIMATE,F9_10_NAFB_RESTRICT_PERM_EOY
PERMRNAYR,NOT IN CONCORDANCE
PMSA,NOT IN CONCORDANCE
POP_NDX,NOT IN DD
POPCD,NOT IN DD
POPCODE,NOT IN DD
PRFNDNCD,NOT IN DD
PRGMSERVCODE2ACD,F9_08_REV_PROG_DESC_A
PRGMSERVCODE2BCD,F9_08_REV_PROG_DESC_B
PRGMSERVCODE2CCD,F9_08_REV_PROG_DESC_C
PRGMSERVCODE2DCD,F9_08_REV_PROG_DESC_D
PRGMSERVCODE2ECD,F9_08_REV_PROG_DESC_E
PROFFEESCODE,NOT IN DD
PROFFEESESTIMATE,F9_01_EXP_FEE_OTH_PAY_KONTR
PROFFEESYR,NOT IN DD
PROGEXPCODE,NOT IN CONCORDANCE
PROGEXPESTIMATE,F9_03_PROG_EXP_TOT
PROGEXPYR,NOT IN CONCORDANCE
PROGREV2,NOT IN DD
PROGREVP,NOT IN DD
RANDNUM,NOT IN CONCORDANCE
RASCD,NOT IN DD
REASON,SA_01_PCSTAT
RECCODE,NOT IN DD
RENTEXP,NOT IN CONCORDANCE
RENTINC,NOT IN CONCORDANCE
RENTS,NOT IN DD
RESERVED,NOT IN DD
RETE_BOY_OLD,NOT IN DD
RETEARNX,NOT IN DD
REV_INT,NOT IN DD
REXPCD,NOT IN DD
RINCCD,NOT IN DD
RREVCD,NOT IN DD
RULEDATE,NOT IN CONCORDANCE
SALEMRE,NOT IN DD
SALEOTHNP,NOT IN DD
SALES,NOT IN DD
SALES_F,NOT IN DD
SALES_O,NOT IN DD
SALESCN,NOT IN DD
SALESECNP,NOT IN DD
SAVINT,F9_08_REV_OTH_INVEST_INCOME_TOT
SECINC,F9_10_ASSET_INVEST_SEC_EOY
SECNAME,NOT IN DD
SERVALUE,NOT IN DD
SOIYR,NOT IN CONCORDANCE
SOURCE,NOT IN DD
SPEVTG,F9_08_REV_OTH_GAMING
SRC1_UPD,NOT IN DD
SRC2_UPD,NOT IN DD
STATECHK,NOT IN DD
STATEOLD1,NOT IN DD
SUBCATEGORY,NOT IN DD
SUBCD,NOT IN CONCORDANCE
SUBSECCD,F9_00_SUBSECTION_CODE
SUBSECCD,NOT IN CONCORDANCE
SUPPLYCODE,NOT IN DD
SUPPLYESTIMATE,NOT IN CONCORDANCE
SUPPLYYR,NOT IN DD
TAXPD,NOT IN DD
TAXPER_OLD,NOT IN DD
TAXPERP,NOT IN DD
TAXREV4,NOT IN CONCORDANCE
TEMPRNACODE,NOT IN CONCORDANCE
TEMPRNAESTIMATE,F9_10_NAFB_RESTRICT_TEMP_EOY
TEMPRNAYR,NOT IN CONCORDANCE
TOTMLAA,NOT IN DD
TOTREV,F9_08_REV_TOT_TOT
TOTREV_F,NOT IN DD
TOTREV_O,NOT IN DD
TOTREV2ACOLA,F9_08_REV_PROG_TOT_A
TOTREV2BCOLA,F9_08_REV_PROG_TOT_B
TOTREV2CCOLA,F9_08_REV_PROG_TOT_C
TOTREV2DCOLA,F9_08_REV_PROG_TOT_D
TOTREV2ECOLA,F9_08_REV_PROG_TOT_E
TOTREVP,NOT IN DD
TXBENEFT,NOT IN DD
UNASEOYCODE,NOT IN CONCORDANCE
UNASEOYESTIMATE,F9_10_NAFB_UNRESTRICT_EOY
UNASEOYYR,NOT IN CONCORDANCE
V_BOYAL,NOT IN DD
V_CONT,NOT IN DD
V_EOYAL,NOT IN DD
V_ERRORCD,NOT IN DD
V_FB,NOT IN DD
V_FREXP,NOT IN DD
V_GREC,NOT IN DD
V_REVEXP,NOT IN DD
V1INVNTN,NOT IN DD
V1NASEOY,NOT IN DD
V1NETINC,NOT IN DD
V1OTHN,NOT IN DD
V1SECURN,NOT IN DD
V1SPEVN,NOT IN DD
V1TOTREV,NOT IN DD
VALIDATION_STATE,NOT IN DD
VASSTLIA,NOT IN DD
VBS,NOT IN DD
VBS_BOY,NOT IN DD
VBS_EOY,NOT IN DD
VERFAIL,NOT IN DD
VERIFY,NOT IN CONCORDANCE
VERIFYBY,NOT IN DD
VFB,NOT IN DD
VGASS_BOY,NOT IN DD
VGASS_EOY,NOT IN DD
VGBOND_BOY,NOT IN DD
VGBOND_EOY,NOT IN DD
VGCOMPENS,NOT IN DD
VGCONT,NOT IN DD
VGDIREXP,NOT IN DD
VGDUES,NOT IN DD
VGEXPS,NOT IN DD
VGFUNDBAL,NOT IN DD
VGFUNDFEES,NOT IN DD
VGFUNDINC,NOT IN DD
VGGOODS,NOT IN DD
VGGRPROF,NOT IN DD
VGINVENTG,NOT IN DD
VGINVINC,NOT IN DD
VGLIAB_BOY,NOT IN DD
VGLIAB_EOY,NOT IN DD
VGMRTG_BOY,NOT IN DD
VGMRTG_EOY,NOT IN DD
VGNETA_BOY,NOT IN DD
VGNETINC,NOT IN DD
VGNETRENT,NOT IN DD
VGOTHCHGS,NOT IN DD
VGOTHINC,NOT IN DD
VGOTHSAL,NOT IN DD
VGPAYTAX,NOT IN DD
VGPROGREV,NOT IN DD
VGRENTEXP,NOT IN DD
VGRETE_BOY,NOT IN DD
VGRETEARN,NOT IN DD
VGSALEOTHE,NOT IN DD
VGSALEOTHG,NOT IN DD
VGSALEOTHN,NOT IN DD
VGSALESECN,NOT IN DD
VGSALESEXP,NOT IN DD
VGSECUR,NOT IN DD
VGSOLICIT,NOT IN DD
VGSPEVTG,NOT IN DD
VGTOTREV2,NOT IN DD
VINCEXP,NOT IN DD
VINCTYPE,NOT IN DD
VLIABBOY,NOT IN DD
VLIABEOY,NOT IN DD
VMAGP,NOT IN DD
VMAGS,NOT IN DD
VOK,NOT IN DD
ZIP5OLD1,NOT IN DD
ZIPNEW,NOT IN DD
EFILE,EFILE_X
TAX_PD,F9_00_TAX_PERIOD_END_DATE
TAXPD,F9_00_TAX_PERIOD_END_DATE
TOTCNTRBS,F9_01_REV_CONTR_TOT_CY_2
PRGMSERVREV,F9_01_REV_PROG_TOT_CY
DUESASSESMNTS,F9_08_REV_CONTR_MEMBSHIP_DUE
OTHRINVSTINC,F9_01_REV_INVEST_TOT_CY
GRSAMTSALESASTOTHR,F9_08_REV_OTH_SALE_ASSET
BASISALESEXPNSOTHR,F9_08_REV_OTH_SALE_LESS_COST
GNSALEOFASTOTHR,F9_08_REV_OTH_SALE_GAIN_NET_TOT
GRSREVNUEFNDRSNG,F9_08_REV_OTH_FUNDR_EVNT_1
DIREXPNS,F9_08_REV_OTH_EVNT_DIRECT_EXP
GRSALESMINUSRET,F9_08_REV_OTH_INV_GRO_SALE
COSTGOODSOLD,F9_08_REV_OTH_INV_COST_GOODS
GRSPRFT,F9_08_REV_OTH_INV_NET_TOT
OTHREVNUE,F9_08_REV_MISC_TOT_TOT
TOTREVNUE,F9_01_REV_TOT_CY
TOTEXPNS,F9_01_EXP_TOT_CY
TOTEXCESSYR,F9_01_EXP_REV_LESS_EXP_CY
OTHRCHGSNETASSETFND,F9_11_RECO_OTH_CHANGE_NAFB
NETWORTHEND,F9_01_NAFB_TOT_EOY
TOTNETASSETSEND,F9_10_NAFB_TOT_EOY
ACTVTYNOTPREVRPTCD,F9_03_PROG_NEW_X
CHNGSINORGCD,F9_06_GVRN_CHANGE_DOC_X
UNRELBUSINCD,F9_05_UBIZ_IMCOME_OVER_LIMIT_X
CONTRACTIONCD,F9_04_LTD_DOA_X
POLITICALEXPEND,F9_06_POLI_EXP
FILEDF1120POLCD,F9_06_POLI_FORM1120_POL_FILED_X
LOANSTOOFFICERSCD,F9_04_LOAN_DTK_X
LOANSTOOFFICERS,F9_04_LOAN_DTK_AMT
INITIATIONFEE,F9_05_501C7_INITIATION_FEES
GRSPUBLICRCPTS,F9_05_501C7_GRO_RCPT_PUB_USE
S4958EXCESSBENEFCD,F9_06_TAX_IMPOSED_ORG_MGR
TOTNOFORGSCNT,SA_01_PCSTAT_SUPPORT_ORG_NUM
GFTGRNTRCVD170,SA_02_PUB_GIFT_GRANT_CONTR_TOT
EXCDS2PCT170,SA_02_PUB_CONTR_SBST_TOT
NETINCUNRELATD170,SA_02_TOT_INCOME_NET_UBIZ_TOT
TOTSUPPORT170,SA_02_TOT_SUPPORT_TOT
GRSRCPTSRELATD170,SA_02_TOT_GRO_RCPT_RLTD_ACTS
GRSRCPTSADMISS509,SA_03_PUB_GRO_RCPT_ADM_TOT
GRSRCPTSACTVTS509,SA_03_PUB_GRO_RCPT_NONUBIZ_TOT
EXCDS1PCT509,SA_03_PUB_AMT_CONTR_SBST_TOT
PUBSUPPLESSSUB509,SA_03_PUB_SUPPORT_TOT
NETINCUNRELTD509,SA_03_TOT_INCOME_NET_UBIZ_TOT
